ID,SMILES,IC50_nM,pIC50,MolWt,LogP,NumHDonors,NumHAcceptors,TPSA,QED
50028309,O=CN(O)CCCP(=O)([O-])O,8.0,8.096910013008056,182.092,-1.2302000000000002,2,4,100.9,0.23971734174146445
50441210,CN(O)C(=O)CSC(c1ccc(Cl)c(Cl)c1)P(=O)(O)O,9.2,8.036212172654444,360.1550000000001,2.7505000000000015,3,4,98.07000000000001,0.42440935680045944
50528602,O=C(CSC(c1cc(F)cc(F)c1)P(=O)(O)O)NO,13.0,7.886056647693163,313.218,1.3796999999999997,4,4,106.86000000000001,0.37159211761857264
50528593,CN(O)C(=O)CSC(c1cc(F)cc(F)c1)P(=O)(O)O,18.0,7.7447274948966935,327.24500000000006,1.7219,3,4,98.07000000000001,0.43270435522391326
50153713,O=CN(O)CCCP(=O)(O)O,20.0,7.698970004336019,183.10000000000002,-0.5982000000000002,3,3,98.07000000000001,0.2286476674739753
50528598,CSc1ccc(C(SCC(=O)NO)P(=O)(O)O)cc1,22.0,7.657577319177793,323.33200000000005,1.8233999999999995,4,5,106.86000000000001,0.2736946336108467
50181153,CC(=O)N(O)CCCP(=O)(O)O,28.0,7.552841968657781,197.127,-0.20809999999999984,3,3,98.07000000000001,0.328855787955969
50181153,CC(=O)N(O)CCCP(=O)(O)O,30.0,7.522878745280337,197.127,-0.20809999999999984,3,3,98.07000000000001,0.328855787955969
50153713,O=CN(O)CCCP(=O)(O)O,30.0,7.522878745280337,183.10000000000002,-0.5982000000000002,3,3,98.07000000000001,0.2286476674739753
50153713,O=CN(O)CCCP(=O)(O)O,30.0,7.522878745280337,183.10000000000002,-0.5982000000000002,3,3,98.07000000000001,0.2286476674739753
50181153,CC(=O)N(O)CCCP(=O)(O)O,30.0,7.522878745280337,197.127,-0.20809999999999984,3,3,98.07000000000001,0.328855787955969
50181153,CC(=O)N(O)CCCP(=O)(O)O,30.0,7.522878745280337,197.127,-0.20809999999999984,3,3,98.07000000000001,0.328855787955969
50153713,O=CN(O)CCCP(=O)(O)O,32.0,7.494850021680094,183.10000000000002,-0.5982000000000002,3,3,98.07000000000001,0.2286476674739753
50153713,O=CN(O)CCCP(=O)(O)O,32.0,7.494850021680094,183.10000000000002,-0.5982000000000002,3,3,98.07000000000001,0.2286476674739753
50153713,O=CN(O)CCCP(=O)(O)O,42.0,7.376750709602099,183.10000000000002,-0.5982000000000002,3,3,98.07000000000001,0.2286476674739753
50441211,CN(O)C(=O)CSC(c1ccc(F)c(F)c1)P(=O)(O)O,42.0,7.376750709602099,327.24500000000006,1.7219,3,4,98.07000000000001,0.43270435522391326
50153713,O=CN(O)CCCP(=O)(O)O,48.0,7.318758762624412,183.10000000000002,-0.5982000000000002,3,3,98.07000000000001,0.2286476674739753
50380000,CN(O)C(=O)CCCP(=O)(O)O,48.0,7.318758762624412,197.127,-0.20810000000000006,3,3,98.07000000000001,0.328855787955969
50028309,O=CN(O)CCCP(=O)([O-])O,49.0,7.309803919971486,182.092,-1.2302000000000002,2,4,100.9,0.23971734174146445
50185361,CC(=O)N(O)CC1CC1P(=O)(O)O,50.0,7.301029995663981,209.138,-0.2096999999999999,3,3,98.07000000000001,0.3391362884167475
50422669,CC(=O)N(O)CCC(C)P(=O)(O)O,54.0,7.267606240177032,211.154,0.18040000000000023,3,3,98.07000000000001,0.34978346934467697
50181153,CC(=O)N(O)CCCP(=O)(O)O,58.0,7.236572006437063,197.127,-0.20809999999999984,3,3,98.07000000000001,0.328855787955969
50181154,O=CN(O)CCC(c1ccc(Cl)c(Cl)c1)P(=O)(O)O,59.0,7.229147988357855,328.088,2.449900000000002,3,3,98.07000000000001,0.322445367494492
50181154,O=CN(O)CCC(c1ccc(Cl)c(Cl)c1)P(=O)(O)O,59.0,7.229147988357855,328.088,2.449900000000002,3,3,98.07000000000001,0.322445367494492
50422650,CC(=O)N(O)CC=CP(=O)(O)O,65.0,7.187086643357144,195.111,-0.08449999999999985,3,3,98.07000000000001,0.3319711825001085
50028362,COc1ccc(C(CCC(=O)N(C)O)P(=O)(O)O)cc1,70.0,7.154901959985743,303.25100000000003,1.5417999999999998,3,4,107.30000000000001,0.41786744079266797
50153713,O=CN(O)CCCP(=O)(O)O,80.0,7.096910013008056,183.10000000000002,-0.5982000000000002,3,3,98.07000000000001,0.2286476674739753
50153713,O=CN(O)CCCP(=O)(O)O,80.0,7.096910013008056,183.10000000000002,-0.5982000000000002,3,3,98.07000000000001,0.2286476674739753
50153713,O=CN(O)CCCP(=O)(O)O,80.0,7.096910013008056,183.10000000000002,-0.5982000000000002,3,3,98.07000000000001,0.2286476674739753
50153713,O=CN(O)CCCP(=O)(O)O,80.0,7.096910013008056,183.10000000000002,-0.5982000000000002,3,3,98.07000000000001,0.2286476674739753
50153713,O=CN(O)CCCP(=O)(O)O,80.0,7.096910013008056,183.10000000000002,-0.5982000000000002,3,3,98.07000000000001,0.2286476674739753
50028309,O=CN(O)CCCP(=O)([O-])O,80.0,7.096910013008056,182.092,-1.2302000000000002,2,4,100.9,0.23971734174146445
50181152,CC(=O)N(O)CCC(c1ccc(Cl)cc1)P(=O)(O)O,99.0,7.00436480540245,307.6700000000001,2.186600000000001,3,3,98.07000000000001,0.43985456588526556
50335484,CC(=O)N(O)CCC(c1ccc(Cl)cc1)P(=O)(O)O,99.0,7.00436480540245,307.6700000000001,2.186600000000001,3,3,98.07000000000001,0.43985456588526556
50422666,O=C(c1ccccc1)N(O)CCCP(=O)(O)O,100.0,7.0,259.1979999999999,1.0857999999999999,3,3,98.07000000000001,0.4173842734650188
50528598,CSc1ccc(C(SCC(=O)NO)P(=O)(O)O)cc1,100.0,7.0,323.33200000000005,1.8233999999999995,4,5,106.86000000000001,0.2736946336108467
50441208,Cc1ccc(C(SCC(=O)N(C)O)P(=O)(O)O)cc1,110.0,6.958607314841775,305.2920000000001,1.75212,3,4,98.07000000000001,0.43540615642148534
50528593,CN(O)C(=O)CSC(c1cc(F)cc(F)c1)P(=O)(O)O,110.0,6.958607314841775,327.24500000000006,1.7219,3,4,98.07000000000001,0.43270435522391326
50181148,CC(=O)N(O)CCC(c1ccc(Cl)c(Cl)c1)P(=O)(O)O,119.0,6.924453038607469,342.115,2.8400000000000025,3,3,98.07000000000001,0.4342324837357437
50335485,CC(=O)N(O)CCC(c1ccc(Cl)c(Cl)c1)P(=O)(O)O,119.0,6.924453038607469,342.115,2.8400000000000025,3,3,98.07000000000001,0.4342324837357437
50441189,CN(O)C(=O)CSC(c1ccccc1)P(=O)(O)O,120.0,6.920818753952375,291.26500000000004,1.4436999999999998,3,4,98.07000000000001,0.4312579543821756
50437793,O=C(c1cccc(Cn2cncn2)c1)N(O)CCC(c1ccc(Cl)c(Cl)c1)P(=O)(O)O,140.0,6.853871964321762,485.26400000000007,3.773700000000004,3,6,128.78,0.25174073862397467
50028363,COc1ccc(C(CCC(=O)NO)P(=O)(O)O)cc1,140.0,6.853871964321762,289.224,1.1995999999999996,4,4,116.09,0.35506440343848766
50181150,COc1ccc(C(CCN(O)C=O)P(=O)(O)O)cc1,156.0,6.806875401645538,289.224,1.1516999999999997,3,4,107.30000000000001,0.3006847530224387
50380000,CN(O)C(=O)CCCP(=O)(O)O,159.0,6.798602875679548,197.127,-0.20810000000000006,3,3,98.07000000000001,0.328855787955969
50185359,CC(=O)N(O)CC1CC1P(=O)(O)O,160.0,6.795880017344075,209.138,-0.2096999999999999,3,3,98.07000000000001,0.3391362884167475
50181153,CC(=O)N(O)CCCP(=O)(O)O,160.0,6.795880017344075,197.127,-0.20809999999999984,3,3,98.07000000000001,0.328855787955969
50528597,COc1cc(OC)cc(C(SCC(=O)N(C)O)P(=O)(O)O)c1,160.0,6.795880017344075,351.31700000000006,1.4608999999999999,3,6,116.53,0.38401010943876773
50181153,CC(=O)N(O)CCCP(=O)(O)O,160.0,6.795880017344075,197.127,-0.20809999999999984,3,3,98.07000000000001,0.328855787955969
50379999,O=C(CCCP(=O)(O)O)NO,170.0,6.769551078621726,183.10000000000002,-0.5503000000000006,4,3,106.86000000000001,0.26552244934301084
50459310,O=CN(O)CC=CP(=O)([O-])O,170.0,6.769551078621726,180.076,-1.1066,2,4,100.9,0.24709668969030466
50422656,O=C(C(Cl)Cl)N(O)CCCP(=O)(O)O,178.0,6.749579997691106,266.01699999999994,0.5756999999999999,3,3,98.07000000000001,0.2923515117550138
50081647,CC(CC(=O)N(C)O)CP(=O)(O)O,205.0,6.688246138944246,211.154,0.037899999999999934,3,3,98.07000000000001,0.34614358551625257
50028309,O=CN(O)CCCP(=O)([O-])O,220.0,6.657577319177793,182.092,-1.2302000000000002,2,4,100.9,0.23971734174146445
50028309,O=CN(O)CCCP(=O)([O-])O,220.0,6.657577319177793,182.092,-1.2302000000000002,2,4,100.9,0.23971734174146445
50422651,O=C(c1cccc2ccccc12)N(O)CCCP(=O)(O)O,229.0,6.640164517660112,309.258,2.2390000000000017,3,3,98.07000000000001,0.4468315064501554
50153713,O=CN(O)CCCP(=O)(O)O,230.0,6.638272163982407,183.10000000000002,-0.5982000000000002,3,3,98.07000000000001,0.2286476674739753
50028309,O=CN(O)CCCP(=O)([O-])O,230.0,6.638272163982407,182.092,-1.2302000000000002,2,4,100.9,0.23971734174146445
50379999,O=C(CCCP(=O)(O)O)NO,257.0,6.590066876668706,183.10000000000002,-0.5503000000000006,4,3,106.86000000000001,0.26552244934301084
50441195,CN(O)C(=O)CCC(c1ccc(Cl)c(Cl)c1)P(=O)(O)O,280.0,6.552841968657781,342.11500000000007,2.8400000000000025,3,3,98.07000000000001,0.43423248373574364
50441189,CN(O)C(=O)CSC(c1ccccc1)P(=O)(O)O,280.0,6.552841968657781,291.26500000000004,1.4436999999999998,3,4,98.07000000000001,0.4312579543821756
50181147,CC(=O)N(O)CCC(c1ccccc1)P(=O)(O)O,282.0,6.549750891680639,273.225,1.5332,3,3,98.07000000000001,0.4291274758078082
50441193,Cc1ccc(C(CCC(=O)N(C)O)P(=O)(O)O)cc1,290.0,6.5376020021010435,287.252,1.84162,3,3,98.07000000000001,0.4358705518948625
50528590,Cc1ccc(C(SCC(=O)NO)P(=O)(O)O)cc1,290.0,6.5376020021010435,291.26500000000004,1.4099199999999996,4,4,106.86000000000001,0.37107725269409003
50181147,CC(=O)N(O)CCC(c1ccccc1)P(=O)(O)O,311.0,6.507239610973162,273.225,1.5332,3,3,98.07000000000001,0.4291274758078082
50335483,CC(=O)N(O)CCC(c1ccccc1)P(=O)(O)O,311.0,6.507239610973162,273.225,1.5332,3,3,98.07000000000001,0.4291274758078082
50185363,O=CN(O)CC1CC1P(=O)(O)O,313.0,6.504455662453552,195.111,-0.5998000000000002,3,3,98.07000000000001,0.24061592857035916
50437797,O=C(c1ccccc1)N(O)CCC(c1ccc(Cl)c(Cl)c1)P(=O)(O)O,320.0,6.494850021680094,404.1860000000001,4.133900000000004,3,3,98.07000000000001,0.3821433839123665
50028364,COc1ccc(C(CCC(=O)N(C)O)P(=O)(O)O)cc1OC,320.0,6.494850021680094,333.27700000000004,1.5503999999999998,3,5,116.53,0.39361065262821954
50181153,CC(=O)N(O)CCCP(=O)(O)O,320.0,6.494850021680094,197.127,-0.20809999999999984,3,3,98.07000000000001,0.328855787955969
50528602,O=C(CSC(c1cc(F)cc(F)c1)P(=O)(O)O)NO,320.0,6.494850021680094,313.218,1.3796999999999997,4,4,106.86000000000001,0.37159211761857264
701271,O=CN(O)CCCP(=O)([O-])O,340.0,6.468521082957745,182.092,-1.2302000000000002,2,4,100.9,0.23971734174146445
50459311,CC(=O)N(O)CCCP(=O)([O-])O,360.0,6.443697499232712,196.119,-0.8400999999999998,2,4,100.9,0.3465343313932355
50181149,CC(=O)N(O)CCC(c1ccc(C)cc1)P(=O)(O)O,396.0,6.402304814074488,287.252,1.8416200000000007,3,3,98.07000000000001,0.4358705518948625
50335482,CC(=O)N(O)CCC(c1ccc(C)cc1)P(=O)(O)O,396.0,6.402304814074488,287.252,1.8416200000000007,3,3,98.07000000000001,0.4358705518948625
50380000,CN(O)C(=O)CCCP(=O)(O)O,410.0,6.3872161432802645,197.127,-0.20810000000000006,3,3,98.07000000000001,0.328855787955969
50459310,O=CN(O)CC=CP(=O)([O-])O,410.0,6.3872161432802645,180.076,-1.1066,2,4,100.9,0.24709668969030466
50153713,O=CN(O)CCCP(=O)(O)O,438.0,6.3585258894959,183.10000000000002,-0.5982000000000002,3,3,98.07000000000001,0.2286476674739753
50153713,O=CN(O)CCCP(=O)(O)O,440.0,6.356547323513812,183.10000000000002,-0.5982000000000002,3,3,98.07000000000001,0.2286476674739753
50028373,COc1ccc(C(OCC(=O)N(C)O)P(=O)(O)O)cc1,450.0,6.346787486224656,305.223,0.7357,3,5,116.53,0.40286508982277613
50181151,COc1ccc(C(CCN(O)C(C)=O)P(=O)(O)O)cc1,459.0,6.338187314462739,303.25100000000003,1.5418000000000003,3,4,107.30000000000001,0.41786744079266797
50335481,COc1ccc(C(CCN(O)C(C)=O)P(=O)(O)O)cc1,459.0,6.338187314462739,303.25100000000003,1.5418000000000003,3,4,107.30000000000001,0.41786744079266797
50153713,O=CN(O)CCCP(=O)(O)O,510.0,6.292429823902063,183.10000000000002,-0.5982000000000002,3,3,98.07000000000001,0.2286476674739753
50441209,CN(O)C(=O)CSC(c1cccc2ccccc12)P(=O)(O)O,550.0,6.259637310505756,341.3250000000001,2.5969000000000015,3,4,98.07000000000001,0.4392488838055567
50422677,CC(=O)N(O)CC(C)CP(=O)(O)O,646.0,6.189767482004916,211.154,0.037900000000000156,3,3,98.07000000000001,0.34614358551625257
701271,O=CN(O)CCCP(=O)([O-])O,670.0,6.173925197299173,182.092,-1.2302000000000002,2,4,100.9,0.23971734174146445
50528603,COc1cc(OC)cc(C(SCC(=O)NO)P(=O)(O)O)c1,680.0,6.167491087293763,337.29,1.1186999999999996,4,6,125.32000000000002,0.33126834216398193
50028310,Cc1ccc(C(CCC(=O)NO)P(=O)(O)O)cc1,700.0,6.154901959985743,273.22499999999997,1.4994199999999993,4,3,106.86000000000001,0.3692732605760256
50422674,CCC(CCN(O)C(C)=O)P(=O)(O)O,708.0,6.149966742310231,225.18099999999998,0.5705000000000002,3,3,98.07000000000001,0.36071808567434593
50441205,O=C(CSC(c1ccc(Cl)c(Cl)c1)P(=O)(O)O)NO,720.0,6.142667503568731,346.12800000000004,2.4083000000000006,4,4,106.86000000000001,0.37059207075333456
50441196,CN(O)C(=O)CCC(c1ccc(F)c(F)c1)P(=O)(O)O,770.0,6.113509274827518,309.20500000000004,1.8114000000000001,3,3,98.07000000000001,0.43761841570785626
50437803,Cc1ccccc1C(=O)N(O)CCC(c1ccc(Cl)c(Cl)c1)P(=O)(O)O,830.0,6.080921907623926,418.213,4.442320000000004,3,3,98.07000000000001,0.3661230840584333
50335493,O=P(O)(O)Cc1ccc(-c2ccccc2)cn1,840.0,6.075720713938118,249.20600000000005,2.4263000000000003,2,2,70.42,0.8193784969544962
50081649,CN(O)C(=O)CC(CCCc1ccccc1)CP(=O)([O-])O,843.0,6.074172425375258,314.29800000000006,1.4088999999999998,2,4,100.9,0.429054101046435
50422649,O=C(CCCOc1ccccc1)NCC(=O)N(O)CCCP(=O)(O)O,1000.0,6.0,374.33000000000015,0.7473999999999996,4,5,136.4,0.19410708871938018
50459311,CC(=O)N(O)CCCP(=O)([O-])O,1000.0,6.0,196.119,-0.8400999999999998,2,4,100.9,0.3465343313932355
50445564,CC(=O)N(O)CC=CP(=O)([O-])O,1070.0,5.97061622231479,194.10299999999998,-0.7165000000000001,2,4,100.9,0.3505643468516439
50380000,CN(O)C(=O)CCCP(=O)(O)O,1150.0,5.939302159646388,197.127,-0.20810000000000006,3,3,98.07000000000001,0.328855787955969
50437792,O=C(c1ccc(Cn2cncn2)cc1)N(O)CCC(c1ccc(Cl)c(Cl)c1)P(=O)(O)O,1200.0,5.920818753952375,485.2640000000002,3.773700000000004,3,6,128.78,0.25174073862397467
50335486,O=c1ccc(-c2ccccc2)cn1O,1400.0,5.853871964321762,187.19799999999998,1.7526,1,3,42.230000000000004,0.6909183771263686
50379999,O=C(CCCP(=O)(O)O)NO,1480.0,5.8297382846050425,183.10000000000002,-0.5503000000000006,4,3,106.86000000000001,0.26552244934301084
15236,O=c1c(O)c(-c2cc(O)c(O)c(O)c2)oc2cc(O)cc(O)c12,1500.0,5.823908740944319,318.237,1.6936000000000009,6,8,151.59,0.3707504645634647
50028371,COc1ccc(C(CCC(=O)NO)P(=O)(O)O)cc1OC,1500.0,5.823908740944319,319.25,1.2081999999999993,4,5,125.32000000000002,0.33794743119322773
50437806,O=C(c1cccnc1)N(O)CCCP(=O)(O)O,1600.0,5.795880017344075,260.1859999999999,0.48079999999999995,3,4,110.96000000000001,0.40315856989474025
50441202,CN(O)C(=O)COC(c1ccc(Cl)c(Cl)c1)P(=O)(O)O,1600.0,5.795880017344075,344.08700000000005,2.0339,3,4,107.30000000000001,0.428648323401495
701274,CC(=O)N(O)CC=CP(=O)([O-])O,1690.0,5.772113295386326,194.10299999999998,-0.7165000000000001,2,4,100.9,0.3505643468516439
50422662,CCCCCCCC(=O)N(O)CCCP(=O)(O)O,1698.0,5.770062314092066,281.28899999999993,2.132500000000001,3,3,98.07000000000001,0.24649209408846912
50441206,O=C(CSC(c1ccc(F)c(F)c1)P(=O)(O)O)NO,1700.0,5.769551078621726,313.218,1.3796999999999997,4,4,106.86000000000001,0.37159211761857264
50422663,CCC(CCN(O)C=O)P(=O)(O)O,1778.0,5.7500682433658055,211.154,0.18039999999999978,3,3,98.07000000000001,0.25176871221206065
50441193,Cc1ccc(C(CCC(=O)N(C)O)P(=O)(O)O)cc1,1800.0,5.7447274948966935,287.252,1.84162,3,3,98.07000000000001,0.4358705518948625
50441193,Cc1ccc(C(CCC(=O)N(C)O)P(=O)(O)O)cc1,1800.0,5.7447274948966935,287.252,1.84162,3,3,98.07000000000001,0.4358705518948625
50422641,O=C(c1ccccc1O)N(O)CCCP(=O)(O)O,1820.0,5.739928612014925,275.19699999999995,0.7913999999999999,4,4,118.30000000000001,0.35824133727079094
50422653,O=C(CN(Cc1ccccc1)CP(=O)(O)O)NO,1820.0,5.739928612014925,274.213,0.12919999999999943,4,4,110.10000000000001,0.3332552462547056
7460,O=c1c(O)c(-c2ccc(O)c(O)c2)oc2cc(O)cc(O)c12,1900.0,5.721246399047171,302.238,1.988,5,7,131.36,0.4341904402990982
50437804,O=C(c1ccc2ccccc2c1)N(O)CCCP(=O)(O)O,2000.0,5.698970004336019,309.258,2.2390000000000017,3,3,98.07000000000001,0.4468315064501554
50422666,O=C(c1ccccc1)N(O)CCCP(=O)(O)O,2000.0,5.698970004336019,259.1979999999999,1.0857999999999999,3,3,98.07000000000001,0.4173842734650188
50028362,COc1ccc(C(CCC(=O)N(C)O)P(=O)(O)O)cc1,2000.0,5.698970004336019,303.25100000000003,1.5417999999999998,3,4,107.30000000000001,0.41786744079266797
50441197,CN(O)C(=O)CCC(c1ccccc1)P(=O)(O)O,2000.0,5.698970004336019,273.225,1.5331999999999997,3,3,98.07000000000001,0.4291274758078082
50009001,O=c1cc(-c2ccccc2)oc2cc(O)c(O)c(O)c12,2200.0,5.657577319177793,270.24,2.5768000000000004,3,5,90.89999999999999,0.5910546660911952
50422646,CC(=O)N(O)C1CCC(P(=O)(O)O)C1,2344.0,5.630042392653947,223.165,0.3229000000000001,3,3,98.07000000000001,0.3555722375396106
50181153,CC(=O)N(O)CCCP(=O)(O)O,2390.0,5.621602099051862,197.127,-0.20809999999999984,3,3,98.07000000000001,0.328855787955969
50422645,O=C(c1ccc(-c2ccccc2)cc1)N(O)CCCP(=O)(O)O,2399.0,5.619969752032169,335.29600000000005,2.7528000000000024,3,3,98.07000000000001,0.4282811396126585
50028373,COc1ccc(C(OCC(=O)N(C)O)P(=O)(O)O)cc1,2800.0,5.552841968657781,305.223,0.7357,3,5,116.53,0.40286508982277613
50185362,CCC(=O)N(O)CC1CC1P(=O)(O)O,3000.0,5.522878745280337,223.165,0.1804,3,3,98.07000000000001,0.35851905444717874
50044976,O=C(O)CN1C(=O)C(=Cc2ccc(O)c(O)c2)SC1=S,3100.0,5.508638306165727,311.34000000000003,1.3836,3,6,98.07000000000001,0.44053911465376344
50044967,O=C(CN1C(=O)C(=Cc2ccc(O)c(O)c2)SC1=S)Nc1ccc(Oc2ccc(Cl)cc2)cc1,3200.0,5.494850021680094,512.9960000000002,5.3834000000000035,3,7,99.10000000000001,0.23139085070724882
50044973,O=C(CN1C(=O)C(=Cc2cccc(O)c2O)SC1=S)Nc1ccc(Oc2ccc(Cl)cc2)cc1,3300.0,5.481486060122113,512.9960000000003,5.3834000000000035,3,7,99.10000000000001,0.23139085070724882
701274,CC(=O)N(O)CC=CP(=O)([O-])O,3310.0,5.480172006224281,194.10299999999998,-0.7165000000000001,2,4,100.9,0.3505643468516439
7459,O=c1cc(-c2ccc(O)c(O)c2)oc2cc(O)cc(O)c12,3400.0,5.468521082957745,286.23900000000003,2.2824000000000004,4,6,111.13000000000001,0.5106223467843569
50441191,O=C(CCC(c1ccc(F)c(F)c1)P(=O)(O)O)NO,3400.0,5.468521082957745,295.178,1.4691999999999994,4,3,106.86000000000001,0.3736804012771976
7457,O=c1c(O)c(-c2ccc(O)c(O)c2)oc2cc(O)ccc12,3500.0,5.455931955649724,286.23900000000003,2.2824000000000004,4,6,111.13000000000002,0.5106223467843569
50437805,NC(=O)c1cncc(C(=O)N(O)CCCP(=O)(O)O)c1,3600.0,5.443697499232712,303.21099999999996,-0.4202999999999998,4,5,154.04999999999998,0.3158460744607077
50044971,Cc1ccc(Oc2ccc(NC(=O)CN3C(=O)C(=Cc4cccc(O)c4O)SC3=S)cc2)cc1,3600.0,5.443697499232712,492.57800000000026,5.038420000000004,3,7,99.10000000000001,0.2519094616472737
50044975,O=C(CN1C(=O)C(=Cc2ccc(O)c(O)c2)SC1=S)NO,3800.0,5.42021640338319,326.3550000000001,0.8043999999999993,4,7,110.10000000000001,0.21377986058076512
50441200,Cc1ccc(C(OCC(=O)N(C)O)P(=O)(O)O)cc1,4000.0,5.3979400086720375,289.224,1.03552,3,4,107.30000000000001,0.4244350927796438
50135835,O=P(O)(O)C(Nc1nccc2ccccc12)P(=O)(O)O,4000.0,5.3979400086720375,318.16200000000003,1.2856999999999996,5,4,139.98000000000002,0.5311235607102525
50135835,O=P(O)(O)C(Nc1nccc2ccccc12)P(=O)(O)O,4000.0,5.3979400086720375,318.16200000000003,1.2856999999999996,5,4,139.98000000000002,0.5311235607102525
59100,Cc1ccc(Oc2ccc(NC(=O)CN3C(=O)C(=Cc4ccc(O)c(O)c4)SC3=S)cc2)cc1,4100.0,5.3872161432802645,492.5780000000002,5.038420000000004,3,7,99.10000000000001,0.2519094616472737
50028380,CN(O)C(=O)CCCC(c1ccccc1)P(=O)(O)O,4300.0,5.366531544420414,287.25200000000007,1.9232999999999996,3,3,98.07000000000001,0.421637453264114
50528595,CN(O)C(=O)CS(=O)(=O)C(c1cc(F)cc(F)c1)P(=O)(O)O,4300.0,5.366531544420414,359.24300000000005,0.4035000000000003,3,5,132.21,0.3938194559994434
50044976,O=C(O)CN1C(=O)C(=Cc2ccc(O)c(O)c2)SC1=S,4400.0,5.356547323513812,311.34000000000003,1.3836,3,6,98.07000000000001,0.44053911465376344
50528597,COc1cc(OC)cc(C(SCC(=O)N(C)O)P(=O)(O)O)c1,4400.0,5.356547323513812,351.31700000000006,1.4608999999999999,3,6,116.53,0.38401010943876773
50528601,COc1cc(OC)cc(C(P(=O)(O)O)S(=O)(=O)CC(=O)NO)c1,4500.0,5.346787486224656,369.28800000000007,-0.19970000000000032,4,7,159.45999999999998,0.28982806099162434
50441203,CN(O)C(=O)COC(c1ccc(F)c(F)c1)P(=O)(O)O,4600.0,5.337242168318426,311.177,1.0053,3,4,107.30000000000001,0.425373460924977
50335492,O=P(O)(O)Cc1ccccn1,4600.0,5.337242168318426,173.10800000000003,0.7592999999999999,2,2,70.42,0.6474058382589236
50422670,O=C(NCC(=O)N(O)CCCP(=O)(O)O)c1ccc(OC(F)(F)F)cc1,5129.0,5.289967300934246,400.24600000000015,1.1005999999999996,4,5,136.4,0.29142758493740173
50044975,O=C(CN1C(=O)C(=Cc2ccc(O)c(O)c2)SC1=S)NO,6100.0,5.214670164989233,326.3550000000001,0.8043999999999993,4,7,110.10000000000001,0.21377986058076512
50422659,O=CN(O)CC(Cc1ccccc1)CP(=O)(O)O,6457.0,5.189969213594161,273.22499999999997,0.8706,3,3,98.07000000000001,0.2962132542880731
50422643,CCCC(CCN(O)C(C)=O)P(=O)(O)O,6607.0,5.179995693191682,239.20799999999997,0.9606000000000001,3,3,98.07000000000001,0.3640787874314454
50422654,CC(C)C(CCN(O)C=O)P(=O)(O)O,6607.0,5.179995693191682,225.18099999999998,0.4263999999999997,3,3,98.07000000000001,0.26329138397583995
50081650,CN(O)C(=O)CC(CCCCc1ccccc1)CP(=O)([O-])O,6670.0,5.175874166083451,328.3250000000001,1.799,2,4,100.9,0.311456718783737
50437801,O=C(c1ccccc1Cc1cccs1)N(O)CCC(c1ccc(Cl)c(Cl)c1)P(=O)(O)O,7000.0,5.154901959985743,500.3400000000002,5.7862000000000045,3,4,98.07000000000001,0.2068358800158247
50115109,O=P(O)(O)C(Nc1ccc(Cl)cn1)P(=O)(O)O,7000.0,5.154901959985743,302.547,0.7858999999999998,5,4,139.98000000000002,0.5140544022587138
50422642,O=C(NCC(=O)N(O)CCCP(=O)(O)O)C1CC1,7079.0,5.15002808767115,280.2169999999999,-0.7018000000000001,4,4,127.17000000000002,0.2772296523913567
50335490,O=P(O)(O)Cc1ccncc1,7100.0,5.1487416512809245,173.108,0.7592999999999999,2,2,70.42,0.6474058382589235
50081647,CC(CC(=O)N(C)O)CP(=O)(O)O,7130.0,5.146910470148135,211.154,0.037899999999999934,3,3,98.07000000000001,0.34614358551625257
50437796,O=C(c1ccccc1OC(F)(F)F)N(O)CCC(c1ccc(Cl)c(Cl)c1)P(=O)(O)O,8000.0,5.096910013008056,488.1820000000001,5.032500000000003,3,4,107.30000000000001,0.2868343746306548
50422671,CCCC(CCN(O)C=O)P(=O)(O)O,8128.0,5.090016305060156,225.18099999999998,0.5704999999999998,3,3,98.07000000000001,0.2544780057113888
50528590,Cc1ccc(C(SCC(=O)NO)P(=O)(O)O)cc1,8200.0,5.086186147616283,291.26500000000004,1.4099199999999996,4,4,106.86000000000001,0.37107725269409003
50437802,O=C(c1ccccc1C(F)(F)F)N(O)CCC(c1ccc(Cl)c(Cl)c1)P(=O)(O)O,9000.0,5.045757490560675,472.18300000000005,5.152700000000004,3,3,98.07000000000001,0.3069989056369606
50422664,NC(CCP(=O)(O)O)C(=O)NO,9772.0,5.010016541698601,198.115,-1.6131000000000004,5,4,132.88,0.20942028187884948
50335491,O=P(O)(O)Cc1cccnc1,10000.0,5.0,173.108,0.7592999999999999,2,2,70.42,0.6474058382589235
50081649,CN(O)C(=O)CC(CCCc1ccccc1)CP(=O)([O-])O,10350.0,4.985059650207063,314.29800000000006,1.4088999999999998,2,4,100.9,0.429054101046435
50422676,CC(C)(C)C(=O)N(O)CCCP(=O)(O)O,10965.0,4.959991363986458,239.20799999999997,0.8180999999999998,3,3,98.07000000000001,0.3829947863954373
50028381,CN(O)C(=O)CCC(NC(=O)c1ccccc1)P(=O)(O)O,11000.0,4.958607314841775,316.25000000000006,0.5479999999999997,4,4,127.17000000000002,0.34464967363655274
50028310,Cc1ccc(C(CCC(=O)NO)P(=O)(O)O)cc1,11000.0,4.958607314841775,273.22499999999997,1.4994199999999993,4,3,106.86000000000001,0.3692732605760256
50528600,CN(O)C(=O)CS(=O)(=O)C(c1ccc(Cl)c(Cl)c1)P(=O)(O)O,11000.0,4.958607314841775,392.1530000000001,1.4321,3,5,132.21,0.39237679518331914
701278,COCOCOCOP(=O)(C=CCN(O)C=O)OCOCOCOC,12560.0,4.901010360598823,389.29400000000027,0.6782000000000001,1,11,131.45000000000002,0.0886029174188096
50437794,O=C(c1ccccc1Cn1cncn1)N(O)CCC(c1ccc(Cl)c(Cl)c1)P(=O)(O)O,13000.0,4.886056647693163,485.26400000000007,3.773700000000004,3,6,128.78,0.25174073862397467
50441194,CN(O)C(=O)CCC(c1cccc2ccccc12)P(=O)(O)O,13000.0,4.886056647693163,323.2850000000001,2.6864000000000017,3,3,98.07000000000001,0.4463180668511506
50441192,O=C(CCC(c1ccccc1)P(=O)(O)O)NO,14000.0,4.853871964321762,259.198,1.1909999999999996,4,3,106.86000000000001,0.36076595754245455
50422647,O=C(N(O)CCCP(=O)(O)O)C(F)(F)F,14125.0,4.850011543508524,251.09699999999998,0.3342999999999999,3,3,98.07000000000001,0.3797927211372013
50422672,COc1ccc(CC(=O)NCC(=O)N(O)CCCP(=O)(O)O)cc1OC,14125.0,4.850011543508524,390.3290000000001,0.14810000000000068,4,6,145.63000000000002,0.2508686528630861
50028363,COc1ccc(C(CCC(=O)NO)P(=O)(O)O)cc1,15000.0,4.823908740944319,289.224,1.1995999999999996,4,4,116.09,0.35506440343848766
50441201,CN(O)C(=O)COC(c1cccc2ccccc12)P(=O)(O)O,15000.0,4.823908740944319,325.25700000000006,1.8802999999999999,3,4,107.30000000000001,0.44004973888232984
50441207,O=C(CSC(c1ccccc1)P(=O)(O)O)NO,15000.0,4.823908740944319,277.238,1.1014999999999995,4,4,106.86000000000001,0.3646015198443625
50528591,CN(O)C(=O)CS(=O)(=O)C(c1cccc2ccccc12)P(=O)(O)O,15000.0,4.823908740944319,373.3230000000001,1.2784999999999997,3,5,132.21,0.4084534774503781
701278,COCOCOCOP(=O)(C=CCN(O)C=O)OCOCOCOC,15240.0,4.8170150329964185,389.29400000000027,0.6782000000000001,1,11,131.45000000000002,0.0886029174188096
50422665,NCCC(=O)N(O)CCCP(=O)(O)O,15849.0,4.799998134593398,226.169,-0.8792,4,4,124.09,0.26467444919662797
50422673,CCOC(=O)C(=O)N(O)C1CCC(P(=O)(O)O)C1,15849.0,4.799998134593398,281.201,-0.13390000000000024,3,5,124.37,0.21614560338332808
50335494,O=P(O)(O)Cc1ccc2ccccc2n1,15900.0,4.798602875679548,223.16800000000003,1.9124999999999996,2,2,70.42,0.7627088295239549
50441204,CN(O)C(=O)COC(c1ccccc1)P(=O)(O)O,16000.0,4.795880017344075,275.197,0.7271000000000001,3,4,107.30000000000001,0.4151271836879624
50422661,O=C(CNCP(=O)(O)O)NO,16218.0,4.790002703917631,184.08800000000002,-1.7834000000000003,5,4,118.89000000000001,0.19996666351507664
50422652,O=C(CCCc1c[nH]c2ccccc12)NCC(=O)N(O)CCCP(=O)(O)O,16982.0,4.770011163455189,397.36800000000017,1.3923999999999996,5,4,142.96,0.23290730339243468
